Dance,Song Title,Artist/Group
2ST,A Little Left Over,Vince Gill
2ST,Act Naturally,Ann Tayler
2ST,Ain't Nothing But A Cloud,Roger Springer Band
2ST,All Nighter Comin',Vince Gill
2ST,American Kids,Kenny Chesney
2ST,Angelina,Keb' Mo
2ST,Baby In the Dark,Cash On Delivery
2ST,Baby Please Don't Go,Vince Gill
2ST,Bad Moon Rising,John Fogerty with Zac Brown Band
2ST,Bees Left the Trees,Sugar & The Hi Lows
2ST,Besides Mama,Jenny Farrell
2ST,Better Than That,Scotty McCreery
2ST,Big Shot,Jason Meadows
2ST,Bright Side Of The Road,Brent Woodall
2ST,Bruises,Train Feat Ashley Monroe
2ST,Burying Bones By the Dozen,Ralph Parker
2ST,Cadillac Cowboy,Aaron Watson with Justin McBride
2ST,Call Me the Breeze,John Mayer
2ST,Can't Let Go,Jill King
2ST,Can't Love You Anymore,Lindsay Bruce
2ST,Chicken Fried,Johnny Brady
2ST,Climb That Mountain High,Reba McEntire
2ST,Country Girl,Rissi Palmer
2ST,Crazy Too,Lucy Angel
2ST,Damn Good Lover,Shelly Fairchild
2ST,Day Job,Gord Bamford
2ST,Definite Possibilities,Jeff Carson
2ST,Diesel Destiny,Buddy Jewell
2ST,Do You Still Want To Buy Me That Drink,Lorrie Morgan
2ST,Dog,The Bottle Rockets
2ST,Don't Make Me Beg,Steve Holy
2ST,Don't Need No Other Now,Rodney Crowell
2ST,Easy Goin',Ray Kennedy
2ST,Filler Up,Sting
2ST,Firecracker,Josh Turner
2ST,Get My Drink On,Toby Keith
2ST,Goin Swingin Tonight,Foster Martin Band
2ST,Goin' Swingin Tonight,Foster Martin Band
2ST,Gonna Fly,Amber Lawrence
2ST,Good Mistake To Make,Mallory Johnson
2ST,Good Time Charley's,George Strait
2ST,Hard Not to Love It,Steve Moakler
2ST,Haywire,Josh Turner
2ST,Hello Love,Raybon Brothers
2ST,I Could Get Used to This Lovin' Thing,Alan Jackson
2ST,I Love My Life,Jamie O'Neal
2ST,I Quit,Vince Gill
2ST,I Walk The Line (Revisited),Rodney Crowell & Johnny Cash
2ST,I Won All The Battles,Tracy Lawrence
2ST,I'll Stay Me,Luke Bryan
2ST,I'm A Woman,Wynonna Judd
2ST,If I'm Gonna Be Bad,Joanna Cotten
2ST,If That Ain't Love,Jaida Dreyer
2ST,It's Goodbye and so Long to You,Alison Krauss
2ST,Keep On Walkin',Mike Reid
2ST,Kick Back,Ty England
2ST,Knee Deep,Zac Brown Band Feat Jimmy Buffett
2ST,Knee Deep In My Heart,Shane Filan
2ST,Know You Wanna Know,Jennifer Nettles
2ST,Last Living Cowboy,Toby Keith
2ST,Lay Down Sally,Delbert McClinton
2ST,Leavin' Stephenville,Kyle Park
2ST,Let the Four Winds Blow,Scooter Lee
2ST,Little Bit Of Life,Craig Morgan
2ST,Long Sermon,Brad Paisley
2ST,Love I've Found In You,Lady Antebellum
2ST,Make It Sweet,Old Dominion
2ST,Make This Day,Zac Brown Band
2ST,Men Don't Change,Amy Dalley
2ST,Midnight Train (Rock Me),Jackson Michelson
2ST,Mile Out Of Memphis,Philip Claypool
2ST,My Baby No Esta Aqui,Garth Brooks
2ST,My Baby Plays Me Just Like A Fiddle,The Charlie Daniel's Band
2ST,My Heart's A Genius,Gord Bamford
2ST,New Way (To Light Up An Old Flame),Joe Diffie
2ST,No Place Like You,Maddie & Tae
2ST,No Time To Kill,Clint Black
2ST,Nothing Better To Do,LeAnn Rimes
2ST,Put Some Alcohol On It,Gord Bamford
2ST,Raise the Bar,Gord Bamford
2ST,Red Dirt Song,Jimmy LaFave
2ST,Redneck Woman,Gretchen Wilson
2ST,Revenge Of A Middle Aged Woman,Tracy Byrd
2ST,Rita Baloo,Vince Gill
2ST,Roll It on Home,John Mayer
2ST,Rosalee,Stacy Dean Campbell
2ST,She's Going Home With Me,Travis Tritt
2ST,Shotgun Rider,Tim McGraw
2ST,Sideways,Darryl Worley
2ST,Simple Life,Carolyn Dawn Johnson
2ST,Some Days You Gotta Dance,Keith Urban
2ST,Son Of A Ramblin Man,Vince Gill
2ST,Song Without a Name,Andrea Nixon
2ST,Southern Streamline,John Fogerty
2ST,Speed of Love,Florida Georgia Line
2ST,Spread A Little Love Around,Darryl Worley
2ST,Sweet Thing,Vince Gill
2ST,Swingin' Door,Catherine Britt
2ST,Talk Is Cheap,Alan Jackson
2ST,Texan's Hold'em,Ty England
2ST,Texas Woman,Bigfoot
2ST,That Changes Everything,Billy Currington
2ST,That's All Right,Vince Gill
2ST,That's Just Me,Blaine Larsen
2ST,That's The Way You Make An Ex,Mark Chesnutt
2ST,The Ballad of the Tennessee Texans,Kenny Davin Fine & The Tennessee Texans
2ST,The Earring Song,Gretchen Wilson
2ST,The Truck Song,Lyle Lovett
2ST,The World,Brad Paisley
2ST,Too Good Of Memory,Mark Chesnutt
2ST,Too Many Pockets,Darryl Worley
2ST,Too Much,Randy Travis Feat James Otto
2ST,Trail of Lies,Katie Armiger
2ST,Trip Around the Sun,Kenny Chesney
2ST,Twisted,Martin Ramey
2ST,Two Hearts,Levi Webb
2ST,Wake Me,Jonalee White
2ST,Were Gonna be Alright,Mike Denver
2ST,What's It Gonna Take,OJ Hanssen
2ST,When You're In Love,George Strait
2ST,Who's Gonna Get Me Over You,Darryl Worley
2ST,Why You Been Gone So Long,Gerry Guthrie
2ST,You Are What You Love,Kelleigh Bannen
CHA,Ain't Much Left Of Loving You,Randy Montana
CHA,All Night Long,The Mavericks
CHA,All Over the Road,Easton Corbin
CHA,All Wrong But Just Right,Rosehill
CHA,Always Wanting More,Lane Turner
CHA,Angel Eyes,Love and Theft
CHA,Ashes By Now,Lee Ann Womack
CHA,Bad As I Want To,Matt Jenkins
CHA,Barefootin',Scotty McCreery
CHA,Beat of the Music,Brett Eldredge
CHA,Boots & Diamonds,Ronnie Dunn
CHA,Brokenhearted,Kyle Park
CHA,Building Bridges,Brooks & Dunn
CHA,Buy Myself a Chance,Randy Rogers Band
CHA,Can't Stand the Rain,Lady Antebellum
CHA,Cheap Cologne,William Michael Morgan
CHA,Chill,Blake Shelton
CHA,Come Unto Me,The Mavericks
CHA,Commitment,LeAnn Rimes
CHA,Country,Mo Pitney
CHA,Country Never Goes Out of Style,Shane Owens
CHA,Cowboy Hat,Jon Pardi
CHA,Crackers,Sara Evans
CHA,Did It for the Girl,Greg Bates
CHA,Down In Mexico,Jerrod Niemann
CHA,Dream Walkin',Toby Keith
CHA,Drinkin' Bone,Tracy Byrd
CHA,Drinkin' Problem,Midland
CHA,Drinks After Work,Toby Keith
CHA,Drunk On Love,Brooks N Dunn
CHA,Eat Sleep Love U Repeat,Rodney Atkins
CHA,El Camino,Bigfoot
CHA,Everybody's Here,Brad Paisley
CHA,Everything I Shouldn't Be Thinking About,Thompson Square
CHA,Find Me,Mike Aiken
CHA,From A Table Away,Sunny Sweeney
CHA,Givin' Up Givin' a Damn,Terri Clark
CHA,Go On,George Strait
CHA,Goin' Goin' Gone,George Strait
CHA,Good To Be Me,Uncle Kracker Feat Kid Rock
CHA,Half Of My Mistakes,Gary Allan
CHA,Hard To Love,Lee Brice
CHA,Honey Bee,Blake Shelton
CHA,Horse to Mexico,Trini Triggs
CHA,How Dare You,Sarah Darling
CHA,I Am The Midnight,Granger Smith
CHA,I Can Take It From There,Chris Young
CHA,I Can't Forget Her,Clay Walker
CHA,I Can't Forget Her,Dierks Bentley
CHA,I Can't Take You Anywhere,Scotty Emerick
CHA,I Got Mexico,Craig Moritz & Curtis Grambo
CHA,I Have Been Lonely,Blake Shelton
CHA,I Hope You Want Me Too,Mavericks
CHA,I Love You,Martina McBride
CHA,I Love You,Martine McBride
CHA,I See You,Raul Malo
CHA,I Shall Return,Billy Currington
CHA,I Wanna Fall In Love,Lila McCann
CHA,I Wanna Thank You,Darius Rucker
CHA,I'll Probably Be Out Fishin',Toby Keith
CHA,I'm All About It,Bradley Gaskin
CHA,I'm Doing Alright,Jacob Lyda
CHA,I'm in Love With You,Ty Herndon
CHA,I've Been In Mexico,Blaine Larsen
CHA,It Ain't No Crime,Joe Nichols
CHA,It's Your World Now,Eagles
CHA,Just For You,Lionel Richie Feat Billy Currington
CHA,Just Keep Falling In Love,Jake Worthington
CHA,Kiss Tomorrow Goodbye,Luke Bryan
CHA,Last Good Time In Town,Eagles
CHA,Lay Low,Blake Shelton
CHA,Let Me Be The One,Liz Carlisle
CHA,Lincoln Continentals & Cadillacs Explicit *),Tim McGraw Duet With Kid Rock
CHA,"Little Bit Of This, Little Bit Of That",Carolyn Dawn Johnson
CHA,Little Miss Tear Stain,Toby Keith
CHA,Little Too Late,Zane Williams
CHA,Living and Living Well,George Strait
CHA,Long Wet Kiss,Tracy Lawrence
CHA,Look At You,Seth Ennis
CHA,Love Drunk,Steve Moakler
CHA,Love What You've Done With the Place,Rascal Flatts
CHA,Love Will Find a Way,Shawn Mullins
CHA,Love's Gonna Make It Alright,George Strait
CHA,Man To Man,Gary Allan
CHA,Mexicoma,Bucky Covington
CHA,My Heart Is Open,Keith Urban
CHA,Naive,Jamie O'Neal
CHA,Neon Blues,Randy Rogers Band
CHA,No Bad Days,Ray Johnston Band
CHA,On a Roll,Sugarland
CHA,Only Got So Much Time,Bucky Covington
CHA,Oye Como Va,Los Lonely Boys
CHA,Ready to Roll,Blake Shelton
CHA,Right Where You Left Me,Terri Clark
CHA,Roll With It,Corbin Easton
CHA,Roller Coaster,Luke Bryan
CHA,Sangria,Blake Shelton
CHA,Saturday Afternoon,Chuck Wicks
CHA,She Wants a Cowboy,Dustin Lynch
CHA,Since You Brought It Up,James Otto
CHA,Singing Me Home,Lady Antebellum
CHA,Sleepin' Around,Austin Burke
CHA,Slip Away,Scooter Lee
CHA,Smooth (The Voice Performance),Josh Gallagher & Adam Levine
CHA,So What If I Do,Trace Adkins
CHA,Somebody's Mama,Joe Nichols
CHA,Somewhere With You,Kenny Chesney
CHA,South Of Santa Fe,Brooks & Dunn
CHA,Southern Girl,Tim McGraw
CHA,Staying With Me,Los Lonely Boys
CHA,Stealin',Hali Hicks
CHA,Stranger In My House,Zac Hacker
CHA,Sunny In Seattle,Blake Shelton
CHA,Ten Times Crazier,Blake Shelton
CHA,Texas Time,Keith Urban
CHA,The One That Got Away,Terri Clark Feat Drake White
CHA,This Pretender,Joe Diffie
CHA,Turnin' Me On,Blake Shelton
CHA,Walking On A Cloud,Mollie Castle
CHA,What's Up With That,Scotty Emerick
CHA,When I Get It,Craig Campbell
CHA,When The Sun Goes Down,Kenny Chesney & Uncle Kracker
CHA,Why's It Feel So Long,Keith Urban
CHA,Wicked Game,Emily B
CHA,Wonderful Waste Of Time,Alabama
CHA,You & Me,Native Mind
CHA,You Still Got It,Darryl Worley
CHA,You've Got To Talk To Me,Lee Ann Womack
ECS,About The South,Rodney Akins
ECS,All Shook Up,Rodney Crowell
ECS,As One,D.K. Davis
ECS,Back In Baby's Arms,Bigfoot
ECS,Back Up Against The Wall,Travis Tritt
ECS,Because of You,The Mavericks
ECS,Billy B. Bad,George Jones
ECS,Blue Collar Palace,Gord Bamford
ECS,Burnin' Love,Travis Tritt
ECS,Crazy Bout You Baby,Billy Ray Cyrus
ECS,"Daddy Had A Cardiac, Mama Bought A Cadillac",Billy Yates
ECS,Ding Dang Darn It,Ken Domash
ECS,Don't Drink the Water,Brad Paisley Feat Blake Shelton
ECS,Easy Money,Brad Paisley
ECS,Even If Tried,Emilio
ECS,Every Little Honky Tonk Bar,George Strait
ECS,Fast Lanes And Country Roads,Dierks Bentley
ECS,Fill In The Blank,Greg Bates
ECS,Gone For Real,The Charlie Daniel's Band
ECS,Good Time,Alan Jackson
ECS,Gotta Be Good,Kenny Davin Fine & The Tennessee Texans
ECS,Here For A Good Time,George Strait
ECS,Hey Y'All,Chris Cagle
ECS,Hole In My Head,Amber Lawrence
ECS,Honey I Do,Danni Leigh
ECS,Honky Tonk Habits,Emilio
ECS,Honky Tonk Highway,Luke Combs
ECS,Honky-Tonk Cool,Gil Grand
ECS,How I Got to Be This Way,Justin Moore
ECS,I Don't Want Nobody To Have My Love But You,Ronnie Milsap
ECS,I Hear Ya Talkin' (with Amos Lee),Asleep At the Wheel
ECS,I Only Want To Dance With You,Dustin Neighbors
ECS,I Wish That I Could Fall In Love Today,Blaine Larsen
ECS,If It Ain't One Thing,Randy Travis
ECS,It's Chitlin' Time,Kentucky Headhunters
ECS,Jim and Jack and Hank,Alan Jackson
ECS,Jukebox,Michael Martin Murphy
ECS,Knock Yourself Out,Lee Roy Parnell
ECS,Lil' Ol' Lonesome Dixie Town,Billy Currington
ECS,Little Deuce Coupe,James House & The Beach Boys
ECS,Little Deuce Coupe,The Beach Boys & James House
ECS,Love Done Gone,Billy Currington
ECS,MFC (Mama's Fried Chicken),Billy Yates
ECS,Movin' Out To The Country,Deryl Dodd
ECS,Never Loved Before,Alan Jackson
ECS,No Fair Falling In Love,Jeff Dugan
ECS,On Line,Brad Paisley
ECS,One Mississippi,Jill King
ECS,One Woman Man,Josh Turner
ECS,Out the Door,The Mavericks
ECS,Phone Call,Josh Christina
ECS,Restless,Shelby Lynne
ECS,Return to Sender,D.K. Davis
ECS,Rock This Planet,Billy Ray Cyrus
ECS,"Save Water, Drink Beer",Chris Young
ECS,See A Little More Of You,Foster Martin Band
ECS,Seven Lonely Days,Bouke
ECS,Sharp Dressed Man,Sharp Dressed Men
ECS,Shut Up And Fish,Maddie & Tae
ECS,Small Up And Simple Down,Neal McCoy
ECS,So Called Friend,Danni Leigh
ECS,Some Kind of Wonderful,Craig Wayne Boyd
ECS,Sugar And Pai,The Boots Band
ECS,Tailgate,Neal McCoy
ECS,That Ain't Country,Aaron Lewis
ECS,That's Love,Brad Paisley
ECS,The Night Is Young,George Strait
ECS,The Way She's Looking,The Raybon Brothers
ECS,Truckin',Dwight Yoakam
ECS,Up All Night,Tracy Lawrence
ECS,When I Leave This House,Adam Gregory & BillyRay Cyrus
ECS,Why Don't We Just Dance,Josh Turner
ECS,Why Wait,Rascal Flatts
ECS,Wild Card,Hunter Hayes
ECS,Wrap Around,Steve Holy
ECS,Yodeling Blues,Skip Ewing
ECS,You Need A Man Around Here,Brad Paisley
ECS,You Never Can Tell,Scooter Lee
NC2,7 Years,The Church Sisters
NC2,Address In The Stars,Caitlin & Will
NC2,All Alone Am I,Alison Krauss
NC2,All For You,Keith Urban
NC2,All We'd Ever Need,Lady Antebellum
NC2,Away,Whitney Duncan
NC2,Bad Lovers,Luke Bryan
NC2,Because You Love Me (Live Acoustic),JoDee Messina
NC2,Blue Sky,Emily West Feat Keith Urban
NC2,Borrowed,LeAnn Rimes
NC2,Brave,Jamie O'Neal
NC2,Fearless,Colbie Caillat
NC2,Flies On The Butter,Wynonna Judd
NC2,Golden,Lady Antebellum
NC2,Harmless Heart,Trisha Yearwood
NC2,Has Anybody Out There Seen Me Lately,Jenny Farrell
NC2,Have I Told You Lately,Emilio
NC2,Heart Of The World,Lady Antebellum
NC2,Hello,Lionel Richie Feat Jennifer Nettles
NC2,Home,Blake Shelton
NC2,I Believe,Diamond Rio
NC2,I Believe,George Strait
NC2,I Love You But I Don't Know What to Say,Ryan Adams
NC2,I Still Believe In You,Jamie O'Neal & Michael McDonald
NC2,I Wish I Could Back Up,Alan Jackson
NC2,I Won't Let You Go,David Nail Feat Vince Gill
NC2,If I,Mindy Smith
NC2,If You Don't Know By Now,Steve Wariner
NC2,In Case You Didn't Know,Brett Young
NC2,In This Life,Collin Raye
NC2,Is It Over Yet,Wynonna Judd
NC2,It Don't Matter To The Sun,Garth Brooks
NC2,Learning To Live With Love Again,Wynonna
NC2,Let's Make Sure We Kiss Goodbye,Vince Gill
NC2,Like A River To The Sea,Steve Wariner
NC2,Love Wins,Misty Rae
NC2,Makin' Me Look Good Again,Drake White
NC2,My Love,Lionel Richie Feat Kenny Chesney
NC2,One Night A Day,Garth Brooks
NC2,Over You By Now,Jana Kramer
NC2,Please Remember,LeAnn Rimes
NC2,Rainy Night In Georgia,Chris Young
NC2,She Don't Get High,Alan Jackson
NC2,Simple Song,Lyle Lovett
NC2,So Are You to Me,Eastmountainsouth
NC2,Some People,LeAnn Rimes
NC2,Somebody's Been Drinking,Lee Brice
NC2,Someday,Vince Gill
NC2,Sorry Seems To Be The Hardest,Suzy Bogguss
NC2,Sorry Seems to Be the Hardest Word,Sarah Darling
NC2,Spinning Bottles,Carrie Underwood
NC2,Stronger Hearts,Rachel Proctor
NC2,Sure Feels Good,Barbara Mandrell
NC2,Tell Me I'm The One,Jennifer Day
NC2,That 'OI Wind,Garth Brooks
NC2,That's God,JoDee Messina
NC2,The Older I Get,Alan Jackson
NC2,The Other Side of Him,Toby Keith
NC2,The River And The Highway,Pam Tillis
NC2,The Rock Of Your Love,Vince Gill & Bonnie Raitt
NC2,Thinking of You (And Me),Love and Theft
NC2,This Angel,Jennifer Nettles
NC2,This One's For You,Jennifer Nettles
NC2,Time With You,Billy Currington
NC2,To Get to You (55th & 3rd),Kenny Chesney
NC2,Tonight I Wanna Cry,Keith Urban
NC2,Wanna Be That Song,Brett Eldredge
NC2,What If I Said,Steve Wariner
NC2,When Did You Know,Jamie O'Neal
NC2,When the Right One Comes Along,Nashville Cast feat Clare Bowen & Sam Palladio
NC2,When You Are Old,Martina McBride
NC2,When You Come Back To Me Again,Garth Brooks
NC2,When You Love Someone,Kenny Rogers
NC2,Who Wouldn't Fall In Love With You,Vince Gill
NC2,Who's Gonna Fill Their Shoes,The Swon Brothers
NC2,Without You,Collin Raye
NC2,Without You,Mariah Carey
NC2,You Get Me,Collin Raye
NC2,You Live On,Heather Necole
NC2,You Were Loved,Wynonna Judd
NC2,You Were Meant For Me (The Voice Performance),Lauren Duski
NC2,You'll Always Be Beautiful,Blake Shelton
NC2,You'll Get Through This,Martina McBride
NC2,You're My Favorite,Jason Jones
NC2,You're The Only One,Keith Urban
PLK,A Woman's Rant,Jo Dee Messina
PLK,Ace In The Hole,George Strait
PLK,All That's Left,Miranda Lambert Feat The Time Jumpers
PLK,Angel in Blue Jeans,Train
PLK,Askin' Questions,Brady Seals
PLK,Awful Beautiful Life,Darryl Worley
PLK,Bandwagon,Kellie Coffey
PLK,Bare Feet On The Blacktop,Shane Yellowbird
PLK,Barn Burner,Dan Davidson
PLK,Be The Lake,Brad Paisley
PLK,Burnin' The Honky Tonk Down,Alan Jackson
PLK,Burning Man,Dierks Bentley Feat Brothers Osborne
PLK,Cotton Pickin' Time,Blake Shelton
PLK,Dixie Flyer,Travis Tritt
PLK,Dixie Highway,Alan Jackson Feat Zac Brown Band
PLK,Down At the Station,Billy Yates
PLK,Drink to That All Night,Jerrod Niemann
PLK,East Bound And Down,Jerry Reed
PLK,East Kentucky Home,The SteelDrivers
PLK,For The Love Of God,Josh Turner feat Ricky Skaggs
PLK,Forever Road,Darius Rucker
PLK,Free,Jack Ingram
PLK,Free And Easy (Down The Road I Go),Dierks Bentley
PLK,Freight Train,Alan Jackson
PLK,Friends (From the Angry Birds Movie),Blake Shelton
PLK,Georgia On A Fast Train,Matt Lindahl
PLK,Get Me Out,D.K. Davis
PLK,Go Time,Greg Bates
PLK,Goodbye Heartache,Mark Chesnutt
PLK,Got A Little Country,Blake Shelton
PLK,"Honey, I'm Good",Andy Grammer & Eli Young Band
PLK,How 'Bout You,Eric Church
PLK,I Always Will,Paul Overstreet
PLK,I Hold On,Dierks Bentley
PLK,I Love This Life,Locash
PLK,I Wanna Be A Cowboy Sweatheart,LeAnn Rimes
PLK,I'll Go Crazy,Andy Griggs
PLK,I'll Take You Back,Brad Paisley
PLK,I'm At Home On The Range,Suzy Bogguss
PLK,Idabel Blues,Stoney LaRue
PLK,If Could,John Prine
PLK,If You're Going Through Hell,Rodney Adkins
PLK,If You're Going Through Hell,Rodney Atkins
PLK,Insecure,RaeLynn
PLK,Little Bit of Texas,Jonathan Mitchell
PLK,Locomotive,Sawyer Brown
PLK,Long Live Rock & Roll,Daughtry
PLK,Long Long Way,Alan Jackson
PLK,Lot Of Leavin' Left To Do,Dierks Bentley
PLK,Love Me Honey Do,Brigitte Boisjoli
PLK,Make You Mine,High Valley
PLK,Missin' You Crazy,Jon Pardi
PLK,No One Like You,Roger Springer Band
PLK,Old Alabama,Brad Paisley Feat Alabama
PLK,One More For The Road,Suzy Bogguss & Chet Atkins
PLK,Overrated,Tim McGraw
PLK,Road Less Travelled,Lauren Alaina
PLK,Rough & Ready,Trace Adkins
PLK,Shreveport,Turnpike Troubadours
PLK,Sic 'em On A Chicken,Zac Brown Band
PLK,Somebody Like You,Keith Urban
PLK,Something In The Water,Brooke Fraser
PLK,Somewhere Tonight,James Otto
PLK,Steal Me Away,Olivia Lane
PLK,Swingin',LeAnn Rimes
PLK,Telescope,Nashville Cast Feat Hayden Panettiere
PLK,Texas Bound And Flying,Jerry Reed
PLK,The Right To Remain Silent delete,Doug Stone
PLK,The Way You Make Me Feel,Matt Stillwell
PLK,There Ain't No Speed Limit,Leland Martin
PLK,To Be With You Again,The SteelDrivers
PLK,Trouble Knows My Name,Randy Rogers Band Feat Willie Nelson
PLK,Wake Me Up,Tebey Feat Emerson Drive
PLK,Wake Me Up (With Bridge),Tebey Feat Emerson Drive
PLK,Wake Me Up (Without Bridge),Tebey Feat Emerson Drive
PLK,We Owe Them More Than That,Roger Springer Band
PLK,West Texas Town,George Strait
PLK,What Do You See,Doc Walker
PLK,What Guy Wouldn't,Waterloo Revival
PLK,Whatcha Gonna Do With A Cowboy,Chris LeDoux
PLK,When I'm Gone,Craig Morgan
PLK,Who Wouldn't Wanna Be Me,Keith Urban
PLK,Who's Gonna Be Your Next Love,Jann Browne
PLK,You Never Know How Good You Got It,Tracy Byrd
PLK,Your Memory Wins Again,Skip Ewing
PLK,Your Smile,Josh Turner
TR2,(There's) No Gettin' Over Me,Ronnie Milsap
TR2,Ain't It Just Like Me,Kristina Cornell
TR2,All About Us,Tebey
TR2,All This Woman Needs,Rissi Palmer
TR2,All Too Well,Taylor Swift
TR2,Another Night With You,Darius Rucker
TR2,Bleed Red,Ronnie Dunn
TR2,Blue (American Idol Performance),Haley Reinhart
TR2,Boy & A Girl Thing,Mo Pitney
TR2,Busy Being Fabulous,Eagles
TR2,But I Can't Let You Go,Meredith Edwards
TR2,Colorblind,Granger Smith
TR2,Coming Home,Jessie James Decker
TR2,Crazy,Patsy Cline
TR2,Didn't We Love,Tamara Walker
TR2,Die a Happy Man,Thomas Rhett
TR2,Don't,Billy Currington
TR2,Don't It Make My Brown Eyes Blue,Crystal Gayle
TR2,Don't Know Why,Norah Jones
TR2,Don't Rush,Kelly Clarkson Feat Vince Gill
TR2,Drink On It,Blake Shelton
TR2,Easy,Sheryl Crow
TR2,Everybody,Keith Urban
TR2,Eyes On You,Chase Rice
TR2,Feels So Real,Edens Edge
TR2,Female,Keith Urban
TR2,Final Touches,Lee Greenwood
TR2,Get to You,Michael Ray
TR2,"God, Your Mama, And Me",Florida Georgia Line Feat Backstreet Boys
TR2,Got Me Where I Want You,Runaway June
TR2,Groovy Little Summer Song,James Otto
TR2,Heart Letting Go,Ronnie Dunn
TR2,Hold a Woman,Bucky Covington
TR2,Homesick,Kane Brown
TR2,I Can't Get Over You,Julie Roberts
TR2,I Can't Help Myself,Ronnie Dunn
TR2,I Can't Tell You Why,Vince Gill
TR2,I Don't Want To Hear Anymore,Eagles
TR2,I Fall to Pieces,Aaron Neville & Trisha Yearwood
TR2,I Got You,Jack Johnson
TR2,I Have and Always Will,Dave Barnes
TR2,I Know She Hung the Moon,Toby Keith
TR2,I Met A Girl,William Michael Morgan
TR2,I Want You,Sara Evans
TR2,I Will Love You Still,Darius Rucker Feat Mallory Hope
TR2,I Won't Give Up,Jana Kramer
TR2,I'm Not Gonna Do Anything Without You,Mark Wills & Jamie O'Neal
TR2,If I Told You,Darius Rucker
TR2,If I Was Your Girl,Lauren Lucas
TR2,If I Were A Boy,Reba McEntire
TR2,If She Only Knew,Kevin Sharp
TR2,In Between,Kelsea Ballerini
TR2,Indian Summer,Brooks & Dunn
TR2,It's Just That Way,Alan Jackson
TR2,Just Got Started Lovin' You,James Otto
TR2,Keep Me Forever Falling,Carmen Rasmussen
TR2,Last Call,Jamie Richards
TR2,Lead Me On,Teddy Robb
TR2,Leavin' the Light On,Darius Rucker
TR2,Long Long Time (The Voice Performance),Brennley Brown
TR2,Love Will Keep Us Alive,Eagles
TR2,Love Will Keep Us Alive,Sarah Mather
TR2,Love Wins,Ty Herndon
TR2,Marry Me,Martina McBride & Pat Monahan of Train
TR2,Marry Me,Thomas Rhett
TR2,Maybe We Will,Noah Schnacky
TR2,Maybe Your Baby's Got The Blues,The Judds
TR2,Mine All Mine,Dave Fenley
TR2,Missing You,John Waite & Alison Krauss
TR2,New Orleans Ladies,Andy Griggs
TR2,Nobody Knows,Kevin Sharp
TR2,Nothin' Fancy,Alan Jackson
TR2,Nothing In This World Will Ever Break My Heart Again,Nashville Cast Feat Hayden Panettiere
TR2,Obsessed,Dan + Shay
TR2,Old School,Chuck Wicks
TR2,Parallel Line,Keith Urban
TR2,Places I've Never Been,Mark Wills
TR2,Places In Your Heart,Meredith Edwards
TR2,Poison & Wine (Live),The Civil Wars
TR2,Rollin' With The Flow,Mark Chesnutt
TR2,Rollin' With The Flow,Mark Chestnutt
TR2,Selfish,Stephanie Quayle
TR2,Skinny Dippin',Whitney Duncan
TR2,Slow Me Down,Sara Evans
TR2,Some Things Never Change,Tim McGraw
TR2,Someday Soon,Ty Herndon
TR2,Sometimes A Song,Dan Fogelberg
TR2,Springsteen,Eric Church
TR2,Stand By Me,Mickey Gilley
TR2,Still Love You,Trace Adkins
TR2,Tell Me So,Striking Matches
TR2,Tequila On Ice,Darryl Worley
TR2,Text Me Texas,Chris Young
TR2,Thank You,Keith Urban
TR2,That's Why God Made a Front Porch,Craig Campbell
TR2,They Try,Rascal Flatts
TR2,To Be Loved By You,Wynonna Judd
TR2,Wanted,Hunter Hayes
TR2,What Happened,Bekka Branlett
TR2,When I Close My Eyes,Kenny Chesney
TR2,When You Say Nothing At All,Keith Whitely And Allison Krause
TR2,When You're Single,Chuck Wicks
TR2,Where Have I Been All My Life,George Strait
TR2,Whiskey Kinda Way,Jerrod Niemann
TR2,White Horse,Taylor Swift
TR2,Winner At a Losing Game,Rascal Flatts
TR2,With Or Without You,Sarah Darling
TR2,Woman In Love,Aaron Goodvin
TR2,Wrapped In Moonlight,Sarah Darling
TR2,You,Chris Young
TR2,You Can't Make Old Friends,Kenny Rogers Feat Dolly Parton
TR2,You Don't Know a Thing About Me,Gary Allan
TR2,You Still Do That To Me,Chris Cagle
TR2,You Still Get to Me,Clint Black Feat Lisa Hartman-Black
TR2,You Won't Ever Be Lonely,Andy Griggs
TR2,You've Got a Friend,Don Williams
WCS,(Sittin' On) The Dock Of The Bay,Garth Brooks
WCS,16 Tons,Lipbone Redding
WCS,3 Little Monkeys,Brother Yusef
WCS,40 Days And 40 Nights,Tim McGraw
WCS,634-5789,Tower of Power Feat Huey Lewis
WCS,634-5789,Trace Adkins
WCS,Ain't Back Yet,Kenny Chesney
WCS,Ain't Gonna Cry No More,Toni Lynn Washington
WCS,All Right Now,Garth Brooks
WCS,All Summer Long,Kid Rock
WCS,As Long As I'm Movin',Linda Hornbuckle
WCS,As Long As I'm Moving,Linda Hornbuckle With No Delay
WCS,Baby What You Want Me to Do,Lou Rawls
WCS,Backseat Blues,Roomful of Blues
WCS,Ballad of Skip Wiley,Jimmy Buffett
WCS,Bartender,Lady Antebellum
WCS,Beware Of The Dog,Hanne Boel
WCS,Black Cat Roun' My Do',Jackie Payne Steve Edmonson Band
WCS,Black Coffee And Cigarettes,Mighty Mo Rodgers
WCS,Blue Boy,John Fogerty
WCS,Body Like a Back Road,Sam Hunt
WCS,Born On the Bayou,John Fogerty with Kid Rock
WCS,Business Of Love,Lelia Broussard
WCS,Buzzin',Blake Shelton Feat RaeLynn
WCS,Can't Stop the Feeling! (Country Version),Drew Jacobs
WCS,Cause I Love You,Mike Morgan & The Crawl
WCS,Chain Of Fools,Fantasia
WCS,Change The World,Hanne Boel
WCS,Come Here You,Carlene Carter
WCS,Cow Cow Boogie (low volume),The Judds
WCS,Cowboy Up,Vince Gill
WCS,Cutting The Breeze,Joss Stone
WCS,Dark Side of Love,Calvin Richardson
WCS,Dirt Rich,Brothers Osborne
WCS,Dirty Laundry,Don Henley
WCS,Dirty Low Down & Bad,Keb' Mo
WCS,Don't Threaten Me with a Good Time,Thomas Rhett Feat Little Big Town
WCS,Down Home Woman,Kirk Fletcher
WCS,Down In The Valley,Michael Grimm
WCS,Eat At Joes,Suzy Bogguss
WCS,Fast Company,Eagles
WCS,Fever,Ruby Wilson
WCS,Fire,Tessanne Chin
WCS,Fireworks,Ronnie Milsap
WCS,Fix (Acoustic),Chris Lane
WCS,Float Your Boat,Ryan Follese
WCS,Free,Faith Hill
WCS,Fresh Coat Of Paint,Lee Roy Parnell
WCS,Friday Night Bleu,Chris Thomas King
WCS,Gemini,Keith Urban
WCS,Good Ole Days,Shannon Brown
WCS,Groove Me,Angie Stone
WCS,Groove Me,Etta James
WCS,Hammer,Janiva Magness Feat Charlie Musselwhite
WCS,Head Over Boots,Jon Pardi
WCS,Home USA,Fats Domino
WCS,Honky Tonk Badonkakonk,Trace Adkins
WCS,Honky Tonk Woman,Travis Tritt
WCS,Honky Tonk Women,Travis Tritt
WCS,How Can I Be Down,Mycle Wastman
WCS,I Ain't Your Mama,Maggie Rose
WCS,I Am What I Am,Tommy Castro
WCS,I Feel Good,Thomas Rhett Feat LunchMoney Lewis
WCS,I Hear You Knocking,Wynonna Judd
WCS,I Heard It Through The Grapevine,Michael McDonald
WCS,I Sing the Blues (Down and Dirty),Habaka
WCS,I'm On Your Side,Keb' Mo
WCS,I'm On Your Side,Peach
WCS,I'm So Miserable,Billy Ray Cyrus
WCS,If I Don't Dance,Kelley Hunt
WCS,If I Had No Loot,Sam Moore
WCS,It's Alright,Seal
WCS,Just Another Thing,Maren Morris
WCS,Just Got Started Loving You,Queen Emily
WCS,Keep Doin' What You're Doin',Billy Gibson
WCS,Kiddeo,Bernard Allison
WCS,Kiss,Chris Thomas King
WCS,Let The Good Times Roll,Bobby Womack
WCS,Let's Work Together,Dwight Yoakam
WCS,Lie to Me,Jonny Lang
WCS,Love Is Love Is Love,LeAnn Rimes
WCS,Love Letter,Bonnie Raitt
WCS,Love Thing,Johnny Reid
WCS,Love Yourself,Dylan Scott
WCS,Lover Lover,Jerrod Niemann
WCS,Low Down Dirty Dawg,Barbara Blue
WCS,Melody Cool,Mavis Staples & Prince
WCS,Memphis Women And Chicken,Zac Hacker
WCS,"Memphis, Women & Chicken",Zac Hacker
WCS,Mimosas,Parmalee
WCS,Move,Keb' Mo'
WCS,My Baby Just Cares For Me,Johnny Ferreira & The Swing Machine
WCS,My Give a Damn's Busted,Michelle Wright
WCS,My Kind Of Crazy,Brooks & Dunn
WCS,Natural Man,Lou Rawls
WCS,Never Been to Spain,The No Refund Band
WCS,Next Time I See You,Jim Byrnes
WCS,Nobody But Me,Blue Harlem
WCS,One Drop Of Love,Ray Charles
WCS,Over & Done,Ryan Shaw
WCS,Party Girl,Craig Morgan
WCS,"Party, Party, Party",Uvee Hayes
WCS,Play That Country Music Cowboy,Chuck Wagon And The Wheels
WCS,Pontoon,Little Big Town
WCS,Put Your Hands,Trin-I-Tee 5:7
WCS,Real Man,Bonnie Raitt
WCS,Red Camaro,Keith Urban
WCS,Red Neck Rock N Roll,Pirates Of The Mississippi
WCS,Relax,Elvis Presley
WCS,Rita,Keb' Mo
WCS,Round and Round,Kenny Chesney
WCS,Save Me San Francisco,Train
WCS,Selfish,Jordan Davis
WCS,Sexy Playa Face,Danny Maika
WCS,Shakey Ground,Rebecca Lynn Howard
WCS,She Dat Pretty,Steven Segal
WCS,Show Me What You're Workin' With,Toby Keith
WCS,"Signed, Sealed Delivered",Jackson Breit
WCS,Singles You Up,Jordan Davis
WCS,Slow Roll,Everette
WCS,Snap Your Fingers,Ronnie Milsap
WCS,Something To Talk About (The Voice Performance),E.G. Daily
WCS,Song About a Girl,Eric Paslay
WCS,Soon As I Get Paid,Keb' Mo'
WCS,Steam,Ty Herndon
WCS,Stomp,Jared Blake
WCS,Stuff Like That,Quincy Jones
WCS,Sugar,Sammy Kershaw
WCS,Sun Don't Let Me Down,Keith Urban Feat Nile Rodgers & Pitbull
WCS,Sunshine & Whiskey,Frankie Ballard
WCS,Sweet Music,Guitar Jack
WCS,Sweet Rowena,Joe Bonamassa Feat Vince Gill
WCS,Take It Back,Reba McEntire
WCS,Take It From Me,Jordan Davis
WCS,Talk To Me,Kelley Hunt
WCS,That Man Is Me,Johnny Reid
WCS,That's Alright,Keb' Mo'
WCS,That's How Country Boys Roll,Billy Currington
WCS,The Little Prince,Bryan Lee
WCS,The Same Love That Made Me Laugh,Queen Latifah
WCS,Time,Mike Morgan & The Crawl
WCS,Top Side,The No Refund Band
WCS,Touch,Ray Charles with John Legend
WCS,Try Matty's,Aretha Franklin
WCS,Tulsa Time,Bransen Ireland
WCS,Turn Me Loose,Dion
WCS,Wade In The Water,Kathy Mattea
WCS,Waiting on You,Lindsay Ell
WCS,Walk All The Way Home,Kelley Hunt
WCS,Wasted Time,Keith Urban
WCS,We Tote The Note,T. Graham Brown
WCS,Where Did My Baby Go?,"Kenny ""Blues Boss"" Wayne"
WCS,Why Haven't I Heard From You,Reba McEntire
WCS,Wild Turkey 101 Proof,Kenny 'Blues Boss' Wayne
WCS,Won't Be Lonely Long,LeAnn Rimes
WCS,You Better Think Twice,Vince Gill
WCS,You Don't Love Me,Downchild Feat Colin Linden & Dan Aykroyd
WCS,You Got Me Hummin',Michael Grimm Feat Bill Medley
WCS,You're No Good,Lulu
WTZ,'Merica,Kenny Rogers
WTZ,A Natural Woman,Carole King
WTZ,A Woman Like You,Steven Craig Harding
WTZ,All In My Heart,John Michael Montgomery
WTZ,Amazing Grace,Lari White
WTZ,Beautiful Day For Goodbye,George Strait
WTZ,Better Than You Left Me,Mickey Guyton
WTZ,Blue Eyes,Scooter Lee
WTZ,Bluebird,Sara Bareilles
WTZ,Bramble Rose,Don Henley Feat Mick Jagger & Miranda Lambert
WTZ,Can't Take My Eyes Off You,Lady Antebellum
WTZ,Celebrate Me Home,Kenny Loggins
WTZ,Celebrate Me Home,Lady Antebellum
WTZ,Color Love Blue,Lucy Angel
WTZ,Come Away With Me,Norah Jones
WTZ,Completely,Neal McCoy
WTZ,Crawl Across Kansas,Kelley Hunt
WTZ,Dark Turn of Mind,Gillian Welch
WTZ,Desperados Like Me,Tim Ryan
WTZ,Do It Wrong with Me,LeAnn Rimes
WTZ,Don't Let Your Feet Slow You Down,Rodney Crowell
WTZ,Dreaming My Dreams With You,Alison Krauss
WTZ,Dreaming My Dreams With You,Collin Raye
WTZ,Frame of Mine,Blake Shelton
WTZ,Freebird,Joey + Rory
WTZ,Good Time To Cry,Jennifer Nettles
WTZ,Grace and Gratitude,Olivia Newton-John
WTZ,Husbands and Wives,Raul Malo
WTZ,I Don't Want This Song To End,John Michael Montgomery
WTZ,I Hear the Mountains,Balsam Range
WTZ,I Just Love You,Tim McGraw
WTZ,I Wish I Had Someone To Love Me,Patrick Feeney
WTZ,I'll Never Pass This Way Again,Tracy Lawrence
WTZ,I'll Still Be Waiting For You,Kim McAbee
WTZ,I'm Movin' On,Rascal Flatts
WTZ,I'm So Lonesome I Could Cry,Lynda Carter
WTZ,I'm So Lonesome I Could Cry,Wynonna Judd
WTZ,If I Knew Then,Lady Antebellum
WTZ,If I Were A Painting,Kenny Rogers
WTZ,If You Don't Know Me By Now,Martina McBride
WTZ,Keeps Me Alive,Wynonna & The Big Noise & Derek Trucks
WTZ,Lay Down Beside Me,Alison Krauss With John Waite
WTZ,Let's Just Let Go,James Otto
WTZ,Letting You Go,Sara Evans
WTZ,Love Has No Pride,Michelle Wright
WTZ,Love Like a Hurricane,Kasey Chambers Feat Kevin Bennett
WTZ,Nobody There But Me,Bruce Hornsby
WTZ,On My Way,Nashville Cast Feat Hayden Panettiere & Jonathan Jackson
WTZ,On My Way,Nashville Cast Feat Hayden Panettiere & Jonathan Jackson)
WTZ,Once In A While,Rodney Crowell
WTZ,Pennies On the Floor,The Little Willies
WTZ,Rainbow Connection,Charla Corn
WTZ,Reach,Meredith Edwards
WTZ,Right Where I Want You,Alan Jackson
WTZ,Run For The Roses,Dan Fogelberg
WTZ,Sandy's Song,Dolly Parton
WTZ,Saving Grace,Shawn King
WTZ,See The Day,Girls Aloud
WTZ,Slow Dance,Michael Peterson
WTZ,Some Peoples Lives,Malibu Storm
WTZ,Somebody Else's Moon,Collin Raye
WTZ,Somewhere Between Now and Forever,Ron Williams
WTZ,Surrender,Jane Monheit
WTZ,Sweet Memories,Jason Cassidy
WTZ,Take It To The Limit,Suzy Bogguss
WTZ,Tattoos Of Life,Steve Wariner
WTZ,The Flower That Shattered the Stone,Olivia Newton-John
WTZ,The Flower That Shattered The Stone,Steve Wariner
WTZ,The Gypsy In Me,Gretchen Wilson
WTZ,The Long Day Is Over,Norah Jones
WTZ,The Luckiest Guy In The World,Vince Gill
WTZ,The Moon Is Still Over Her Shoulder,Michael Johnson
WTZ,The Power of Now,Olivia Newton-John
WTZ,The Rivers Between Us,Nashville Cast Feat Connie Britton & Charles Esten
WTZ,The Tips Of My Fingers,Steve Wariner
WTZ,The Woman In My Life,Phil Vassar
WTZ,Their Hearts Are Dancing,Forester Sisters
WTZ,These Days,Vince Gill
WTZ,This Time Last Year,Ronnie Milsap
WTZ,This Woman Needs,She Daisy
WTZ,To Be Loved By You,Josh Turner
WTZ,Together Forever Always,LeAnn Rimes
WTZ,Tomorrow Is Forever,Dolly Parton
WTZ,True Love,Vince Gill Feat Amy Grant
WTZ,Up On the Roof,Lynda Carter
WTZ,Waiting,Lea Sweet
WTZ,When I Found You,Jasmine Rae
WTZ,When I Said I Do,Clint Black
WTZ,When the Smoke Clears,Due West
WTZ,Which Bridge to Cross (Which Bridge to Burn),Vince Gill
WTZ,You Light Up My Life,LeAnn Rimes
WTZ,You're the One,Flatt Lonesome
